term,estimate,penalty
(Intercept),20.30142099811291,8.68511373751352e-4
surface_total,0.03440323022042571,8.68511373751352e-4
surface_covered,0.15919767944106356,8.68511373751352e-4
rooms,0.016345407646488893,8.68511373751352e-4
bedrooms,0.24481917623718322,8.68511373751352e-4
bathrooms,0.10875165718229485,8.68511373751352e-4
piso_numerico,0.008116421270756118,8.68511373751352e-4
distancia_minCC,0,8.68511373751352e-4
area_CC,0.007076177009041597,8.68511373751352e-4
distancia_minCCgrandes,0,8.68511373751352e-4
Min_dist_vias,0,8.68511373751352e-4
Min_dist_principales,0.0038971510256985975,8.68511373751352e-4
dist_zcomer,0,8.68511373751352e-4
dist_airport,0,8.68511373751352e-4
dist_uni,8.14791075342516e-6,8.68511373751352e-4
dist_zindus,0,8.68511373751352e-4
dist_zcommercial,0,8.68511373751352e-4
dist_zretail,1.2834326536370178e-5,8.68511373751352e-4
dist_zindustrial,0,8.68511373751352e-4
dist_zconstruction,-2.3034803156218083e-5,8.68511373751352e-4
dist_zinstitutional,0,8.68511373751352e-4
dist_zeducation,0,8.68511373751352e-4
dist_university,1.2305431841835867e-10,8.68511373751352e-4
dist_firest,0,8.68511373751352e-4
dist_supermercado,1.850754770589787e-5,8.68511373751352e-4
area_zindustrial,-8.789090627926404e-4,8.68511373751352e-4
area_supermercado,-4.747606721609604e-4,8.68511373751352e-4
area_zconstruction,-0.004026128615111152,8.68511373751352e-4
area_zeducation,0,8.68511373751352e-4
dist_parque,0,8.68511373751352e-4
dist_hsopital,-3.008114710162609e-8,8.68511373751352e-4
dist_colegio,-1.726214006529928e-8,8.68511373751352e-4
dist_bus,0,8.68511373751352e-4
dist_policia,-1.0851150426493642e-5,8.68511373751352e-4
dist_bar,3.342378179931317e-5,8.68511373751352e-4
dist_restaurante,-1.5132186079715354e-5,8.68511373751352e-4
dist_nightclub,-2.265148492724917e-5,8.68511373751352e-4
dist_carcel,0,8.68511373751352e-4
dist_mall,0,8.68511373751352e-4
dist_library,5.651762992884015e-7,8.68511373751352e-4
dist.centro.internacional.de.bogotá,0,8.68511373751352e-4
dist.bolsa.de.valores.de.colombia,-8.604741519254153e-6,8.68511373751352e-4
dist.plaza.de.mercado.corabastos,0,8.68511373751352e-4
dist.parque.de.la.mariposa,0,8.68511373751352e-4
dist.teleport.business.park.mizpah.group,0,8.68511373751352e-4
dist.ciudad.empresarial.sarmiento.angulo,0,8.68511373751352e-4
dist.parque.central.simón.bolívar,0,8.68511373751352e-4
turistico,0.006682960746242192,8.68511373751352e-4
dist_transmilenio,-4.6324032249293465e-6,8.68511373751352e-4
dist_suciedad,7.50669393048277e-5,8.68511373751352e-4
LED,-0.03225368546757054,8.68511373751352e-4
Mh,-0.016638364622666962,8.68511373751352e-4
Na,0,8.68511373751352e-4
CMH18CONT,0.01396228369671796,8.68511373751352e-4
CMH19CONT,0.0033660509812911453,8.68511373751352e-4
CMH20CONT,-0.0023652663249813725,8.68511373751352e-4
CMLP18CONT,0,8.68511373751352e-4
CMLP19CONT,0.00605736749123079,8.68511373751352e-4
CMLP20CONT,4.115600658670116e-5,8.68511373751352e-4
CMHP18CONT,0.0065189809254558775,8.68511373751352e-4
CMHP19CONT,0,8.68511373751352e-4
CMHP20CONT,0,8.68511373751352e-4
CMHR18CONT,-0.0069589624407734255,8.68511373751352e-4
CMHR19CONT,-8.12039266886951e-4,8.68511373751352e-4
CMHR20CONT,0,8.68511373751352e-4
CMHA18CONT,0.006375306284796784,8.68511373751352e-4
CMHA19CONT,-0.004598492912455801,8.68511373751352e-4
CMHA20CONT,-0.0060509147097944135,8.68511373751352e-4
CMHB18CONT,0,8.68511373751352e-4
CMHB19CONT,0,8.68511373751352e-4
CMHB20CONT,0.004724768048598388,8.68511373751352e-4
CMHC18CONT,0,8.68511373751352e-4
CMHC19CONT,0,8.68511373751352e-4
CMHC20CONT,-0.003160571500419272,8.68511373751352e-4
CMHCE18CON,0,8.68511373751352e-4
CMHCE19CON,0,8.68511373751352e-4
CMHCE20CON,0,8.68511373751352e-4
CMHM18CONT,0,8.68511373751352e-4
CMHM19CONT,0,8.68511373751352e-4
CMHM20CONT,0.004805990202393769,8.68511373751352e-4
CMDS18CONT,0.005821589173894108,8.68511373751352e-4
CMDS19CONT,0.00687713427930738,8.68511373751352e-4
CMDS20CONT,0.006337441647750533,8.68511373751352e-4
CMVI18CONT,-0.02225713778707987,8.68511373751352e-4
CMVI19CONT,-0.010568871568048427,8.68511373751352e-4
CMVI20CONT,0,8.68511373751352e-4
CMH21CONT,0,8.68511373751352e-4
CMLP21CONT,0,8.68511373751352e-4
CMHP21CONT,0,8.68511373751352e-4
CMHR21CONT,0.004823319096689039,8.68511373751352e-4
CMHA21CONT,0,8.68511373751352e-4
CMHB21CONT,0,8.68511373751352e-4
CMHCE21CON,0.00105071211419459,8.68511373751352e-4
CMHM21CONT,0,8.68511373751352e-4
CMHC21CONT,0,8.68511373751352e-4
CMDS21CONT,0,8.68511373751352e-4
CMVI21CONT,0,8.68511373751352e-4
CMH22CONT,0,8.68511373751352e-4
CMLP22CONT,0,8.68511373751352e-4
CMHP22CONT,0,8.68511373751352e-4
CMHR22CONT,0,8.68511373751352e-4
CMHA22CONT,0.003077203922369245,8.68511373751352e-4
CMHB22CONT,-3.861246267601668e-4,8.68511373751352e-4
CMHCE22CON,0,8.68511373751352e-4
CMHM22CONT,-0.008344568441224713,8.68511373751352e-4
CMHC22CONT,0.002638257867511308,8.68511373751352e-4
CMDS22CONT,-0.0012688151155938133,8.68511373751352e-4
CMVI22CONT,0,8.68511373751352e-4
CMH23CONT,-0.002302900768669996,8.68511373751352e-4
CMLP23CONT,-0.0015154340196188807,8.68511373751352e-4
CMHP23CONT,0,8.68511373751352e-4
CMHR23CONT,0.0018456809186450309,8.68511373751352e-4
CMHA23CONT,0.0011487684109343405,8.68511373751352e-4
CMHB23CONT,0,8.68511373751352e-4
CMHCE23CON,0.0016358215145533574,8.68511373751352e-4
CMHM23CONT,-0.007790639309779774,8.68511373751352e-4
CMHC23CONT,0,8.68511373751352e-4
CMVI23CONT,-0.003655063067095148,8.68511373751352e-4
concpm25,0,8.68511373751352e-4
n_restaurants,0.0011523863562390832,8.68511373751352e-4
n_parques,-0.00413725186708096,8.68511373751352e-4
n_supermercados,-0.010477497140307417,8.68511373751352e-4
distancia_minCC_sq,-0.002266560089095502,8.68511373751352e-4
distancia_minCC_cube,-0.004095680175778433,8.68511373751352e-4
distancia_minCCgrandes_sq,0,8.68511373751352e-4
distancia_minCCgrandes_cube,-1.1816213062738335e-4,8.68511373751352e-4
dist_zcomer_sq,0.001162156172355469,8.68511373751352e-4
dist_zcomer_cube,0,8.68511373751352e-4
dist_airport_sq,0,8.68511373751352e-4
dist_airport_cube,0,8.68511373751352e-4
dist_uni_sq,0,8.68511373751352e-4
dist_uni_cube,-0.0034794935392089615,8.68511373751352e-4
dist_zindus_sq,0,8.68511373751352e-4
dist_zindus_cube,0,8.68511373751352e-4
dist_zcommercial_sq,1.5362901811664204e-11,8.68511373751352e-4
dist_zcommercial_cube,0,8.68511373751352e-4
dist_zretail_sq,0,8.68511373751352e-4
dist_zretail_cube,0,8.68511373751352e-4
dist_zindustrial_sq,0,8.68511373751352e-4
dist_zindustrial_cube,0,8.68511373751352e-4
dist_zconstruction_sq,0,8.68511373751352e-4
dist_zconstruction_cube,7.932228915861362e-12,8.68511373751352e-4
dist_zinstitutional_sq,0,8.68511373751352e-4
dist_zinstitutional_cube,0,8.68511373751352e-4
dist_zeducation_sq,0,8.68511373751352e-4
dist_zeducation_cube,0,8.68511373751352e-4
dist_university_sq,0,8.68511373751352e-4
dist_university_cube,-1.0448809155290082e-16,8.68511373751352e-4
dist_firest_sq,0,8.68511373751352e-4
dist_firest_cube,0,8.68511373751352e-4
dist_supermercado_sq,0,8.68511373751352e-4
dist_supermercado_cube,0,8.68511373751352e-4
dist_parque_sq,0,8.68511373751352e-4
dist_parque_cube,-1.1630542077887025e-11,8.68511373751352e-4
dist_hsopital_sq,0,8.68511373751352e-4
dist_hsopital_cube,5.142497254484544e-12,8.68511373751352e-4
dist_colegio_sq,0,8.68511373751352e-4
dist_colegio_cube,-8.737427597430197e-12,8.68511373751352e-4
dist_bus_sq,0,8.68511373751352e-4
dist_bus_cube,0,8.68511373751352e-4
dist_policia_sq,-2.018147560437625e-9,8.68511373751352e-4
dist_policia_cube,0,8.68511373751352e-4
dist_bar_sq,0,8.68511373751352e-4
dist_bar_cube,0,8.68511373751352e-4
dist_restaurante_sq,0,8.68511373751352e-4
dist_restaurante_cube,6.548112159493942e-14,8.68511373751352e-4
dist_nightclub_sq,0,8.68511373751352e-4
dist_nightclub_cube,5.963875661767647e-12,8.68511373751352e-4
dist_carcel_sq,-1.1828472230795243e-9,8.68511373751352e-4
dist_carcel_cube,0,8.68511373751352e-4
dist_mall_sq,-2.0502692601777416e-10,8.68511373751352e-4
dist_mall_cube,0,8.68511373751352e-4
dist_library_sq,0,8.68511373751352e-4
dist_library_cube,2.9074424944560417e-13,8.68511373751352e-4
dist.centro.internacional.de.bogotá_sq,0,8.68511373751352e-4
dist.centro.internacional.de.bogotá_cube,0,8.68511373751352e-4
dist.bolsa.de.valores.de.colombia_sq,-2.0969183047263323e-9,8.68511373751352e-4
dist.bolsa.de.valores.de.colombia_cube,0,8.68511373751352e-4
dist.plaza.de.mercado.corabastos_sq,0,8.68511373751352e-4
dist.plaza.de.mercado.corabastos_cube,0,8.68511373751352e-4
dist.parque.de.la.mariposa_sq,0,8.68511373751352e-4
dist.parque.de.la.mariposa_cube,0,8.68511373751352e-4
dist.teleport.business.park.mizpah.group_sq,0,8.68511373751352e-4
dist.teleport.business.park.mizpah.group_cube,0,8.68511373751352e-4
dist.ciudad.empresarial.sarmiento.angulo_sq,0,8.68511373751352e-4
dist.ciudad.empresarial.sarmiento.angulo_cube,0,8.68511373751352e-4
dist.parque.central.simón.bolívar_sq,0,8.68511373751352e-4
dist.parque.central.simón.bolívar_cube,0,8.68511373751352e-4
dist_transmilenio_sq,0,8.68511373751352e-4
dist_transmilenio_cube,3.762404555445644e-13,8.68511373751352e-4
dist_suciedad_sq,0,8.68511373751352e-4
dist_suciedad_cube,-9.93042944981969e-12,8.68511373751352e-4
surface_covered_sq,-0.22077666687750952,8.68511373751352e-4
surface_covered_cube,0.09401991013271602,8.68511373751352e-4
bedrooms_sq,-0.17416573518942116,8.68511373751352e-4
bedrooms_cube,-0.014534339955405866,8.68511373751352e-4
bathrooms_sq,0,8.68511373751352e-4
bathrooms_cube,-0.012568134443815493,8.68511373751352e-4
abierto,0.006695199270740281,8.68511373751352e-4
acabado,0.0051819075433610145,8.68511373751352e-4
acceso,0.0010583517733292844,8.68511373751352e-4
acogedor,-0.004806532709388176,8.68511373751352e-4
adema,-0.0011381716503362478,8.68511373751352e-4
adicional,-4.408536346927736e-4,8.68511373751352e-4
administracion,-0.0025647518954091176,8.68511373751352e-4
aeropuerto,6.631444557137485e-4,8.68511373751352e-4
agradable,5.3481121941939685e-6,8.68511373751352e-4
agua,0,8.68511373751352e-4
aire,-0.0037322885573737325,8.68511373751352e-4
alcoba,-0.004090792992059049,8.68511373751352e-4
alcobar,-0.001926657123899593,8.68511373751352e-4
almacen,2.9742213884031944e-4,8.68511373751352e-4
alrededor,0,8.68511373751352e-4
altillo,-9.640218241977111e-4,8.68511373751352e-4
alto,0.005130153412945146,8.68511373751352e-4
altura,-3.772033160014689e-4,8.68511373751352e-4
ambiente,-0.003212486395200754,8.68511373751352e-4
americana,0.0034182600514525282,8.68511373751352e-4
americano,0,8.68511373751352e-4
americo,-5.579569970466333e-4,8.68511373751352e-4
amplio,0.010024808573037773,8.68511373751352e-4
andrear,0.002794508449560934,8.68511373751352e-4
ano,0.00490436471497051,8.68511373751352e-4
antejardin,0.010153450942697078,8.68511373751352e-4
apartaestudio,-0.014186358507657494,8.68511373751352e-4
apartamento,-0.00536851729478068,8.68511373751352e-4
aprovecha,0,8.68511373751352e-4
apto,-0.0017615795219320294,8.68511373751352e-4
area,0.0022353900003973495,8.68511373751352e-4
ascensor,-0.006155336526999505,8.68511373751352e-4
autopista,-0.0013100746555380536,8.68511373751352e-4
auxiliar,0.008463568290981417,8.68511373751352e-4
avenida,-6.004772760599595e-4,8.68511373751352e-4
avenido,0.002514439780532593,8.68511373751352e-4
balcn,0.0016632931423951254,8.68511373751352e-4
balcon,0.017302558739419313,8.68511373751352e-4
balcr,0.009069935404206725,8.68511373751352e-4
bancario,-6.987719179140608e-4,8.68511373751352e-4
banco,7.802816109531083e-4,8.68511373751352e-4
bano,0.008740522390612309,8.68511373751352e-4
bao,-0.024562516292207952,8.68511373751352e-4
barbar,0,8.68511373751352e-4
barra,-0.004780639944651117,8.68511373751352e-4
barrio,-0.0036485787514792837,8.68511373751352e-4
bastante,0.0013182988108199037,8.68511373751352e-4
bbq,0.0010089782049947501,8.68511373751352e-4
bello,-0.001372691192579772,8.68511373751352e-4
beltrar,1.8809672286349146e-4,8.68511373751352e-4
biblioteca,0.00329366277082981,8.68511373751352e-4
bicicletero,-0.002129797767868914,8.68511373751352e-4
bien,-0.001487891734901873,8.68511373751352e-4
bodego,0.0052466651184517165,8.68511373751352e-4
bogot,0,8.68511373751352e-4
bogota,0.005017032784334823,8.68511373751352e-4
bogotar,0.0011890752596292545,8.68511373751352e-4
bonito,0,8.68511373751352e-4
bosque,0.008524058468142644,8.68511373751352e-4
boyaco,-0.0024081265902312,8.68511373751352e-4
brindar,0.0011316513590373186,8.68511373751352e-4
buen,-0.009705609520484234,8.68511373751352e-4
cada,0.012935198705858965,8.68511373751352e-4
cadena,0.0026961419272438607,8.68511373751352e-4
caldero,0.006225826775571274,8.68511373751352e-4
calentador,-0.0032721205066806825,8.68511373751352e-4
cali,-0.00986858006128938,8.68511373751352e-4
calidad,1.2487075210392646e-4,8.68511373751352e-4
calle,-0.0044534525859985,8.68511373751352e-4
callejo,-1.2770143942227613e-4,8.68511373751352e-4
campestre,-9.882484121680286e-4,8.68511373751352e-4
cancha,0.002652875654950645,8.68511373751352e-4
caracteristica,0,8.68511373751352e-4
carolina,0.01090900984091786,8.68511373751352e-4
carrera,-6.966098532455806e-4,8.68511373751352e-4
carro,0.004711684532527481,8.68511373751352e-4
carulla,0.003306096079450229,8.68511373751352e-4
casa,0.00630470089021457,8.68511373751352e-4
caso,0.003101369119768876,8.68511373751352e-4
cctv,-8.922751054744096e-4,8.68511373751352e-4
cedrito,-0.007641257873668859,8.68511373751352e-4
central,-1.9635408149547628e-5,8.68511373751352e-4
centro,-0.0012340923603481832,8.68511373751352e-4
ceramico,-0.0022499240454994826,8.68511373751352e-4
cerca,-0.01101090908804351,8.68511373751352e-4
cercano,-0.004040174014732863,8.68511373751352e-4
cerrado,-0.006167664266962646,8.68511373751352e-4
cerro,0.005319592602224799,8.68511373751352e-4
chico,0.010501822867138544,8.68511373751352e-4
chimeneo,0.005060803067064278,8.68511373751352e-4
ciento,-7.282995004544321e-4,8.68511373751352e-4
cinco,0.0015434010539958592,8.68511373751352e-4
circuito,0,8.68511373751352e-4
cita,-0.0028656100346291205,8.68511373751352e-4
ciudad,0.004392781725359515,8.68511373751352e-4
claudiar,0,8.68511373751352e-4
clinico,0.0011040560399503277,8.68511373751352e-4
cll,0,8.68511373751352e-4
closet,-0.01211525447888464,8.68511373751352e-4
club,-4.0997881287278757e-5,8.68511373751352e-4
cocina,-0.013079618246831303,8.68511373751352e-4
cocinar,-0.016106676683367193,8.68511373751352e-4
codigo,4.061534994129911e-5,8.68511373751352e-4
colegio,-9.184218585328469e-5,8.68511373751352e-4
colina,0,8.68511373751352e-4
com,-0.001701451946879234,8.68511373751352e-4
comedor,-0.009106310343975604,8.68511373751352e-4
comercial,0.004620904266974322,8.68511373751352e-4
comercializacion,0,8.68511373751352e-4
comercio,-0.0030152087524214478,8.68511373751352e-4
comoda,0.001745263561822202,8.68511373751352e-4
comodidad,-0.0017178408421129137,8.68511373751352e-4
comodo,-0.003661017055174585,8.68511373751352e-4
compartir,2.151398409586221e-4,8.68511373751352e-4
completamente,0.003716780479362439,8.68511373751352e-4
completo,-0.0029082247102609304,8.68511373751352e-4
comun,0,8.68511373751352e-4
comunal,-0.003984259177972061,8.68511373751352e-4
comunicar,-0.005225488034454935,8.68511373751352e-4
conjunto,-0.005022212230854942,8.68511373751352e-4
conocer,-5.800146842549529e-4,8.68511373751352e-4
constar,-0.0035942066987600207,8.68511373751352e-4
construccion,0.0058745697860041295,8.68511373751352e-4
construido,0.0017153332620201058,8.68511373751352e-4
contactame,-0.0026065719675559033,8.68511373751352e-4
contactano,0,8.68511373751352e-4
contacto,-0.00588839785090252,8.68511373751352e-4
contador,-9.999991159063206e-5,8.68511373751352e-4
contar,0.0012210421115342145,8.68511373751352e-4
corriente,0,8.68511373751352e-4
cortina,0.002445837289111714,8.68511373751352e-4
country,0.003373556559588569,8.68511373751352e-4
cuadra,-0.007948207530258742,8.68511373751352e-4
cuadrar,-0.002871806313770562,8.68511373751352e-4
cuarto,0.01348667947887976,8.68511373751352e-4
cuatro,0.011205846157711436,8.68511373751352e-4
cubierto,-0.01524745246849436,8.68511373751352e-4
cubrir,-0.0025733027965856086,8.68511373751352e-4
cuento,0,8.68511373751352e-4
dar,-0.003099984775215381,8.68511373751352e-4
dentro,9.064827026690715e-4,8.68511373751352e-4
depositar,0.001608116407250178,8.68511373751352e-4
deposito,0,8.68511373751352e-4
depsitar,0,8.68511373751352e-4
depsito,0.001792607310185091,8.68511373751352e-4
descubrir,-0.0025210275470334592,8.68511373751352e-4
dia,0,8.68511373751352e-4
diseno,0.0014889871485843317,8.68511373751352e-4
disfrutar,0,8.68511373751352e-4
distribucin,-0.002951957507825137,8.68511373751352e-4
distribucion,-0.002953119693122146,8.68511373751352e-4
distribuido,-6.042794878789837e-5,8.68511373751352e-4
doble,0.006302334862661359,8.68511373751352e-4
dorado,0.0030714484636696878,8.68511373751352e-4
dos,0,8.68511373751352e-4
dotado,0.005377561677136437,8.68511373751352e-4
ducho,0,8.68511373751352e-4
duplex,0.002693593915104958,8.68511373751352e-4
edificio,0,8.68511373751352e-4
elctrico,0.006258868734110841,8.68511373751352e-4
electrico,0.00599510129262584,8.68511373751352e-4
encontrar,-0.0015126660338474485,8.68511373751352e-4
entrado,-7.298381270876464e-4,8.68511373751352e-4
entrar,1.2881314323117727e-4,8.68511373751352e-4
entregar,-3.6206614444977037e-4,8.68511373751352e-4
escalera,-2.0915682176311508e-4,8.68511373751352e-4
espacio,0.003450465848952842,8.68511373751352e-4
espacioso,-0.001845129676977613,8.68511373751352e-4
espectacular,0.012614764612682218,8.68511373751352e-4
esperanza,-2.4021373860026737e-5,8.68511373751352e-4
esquinero,1.3522599510300948e-4,8.68511373751352e-4
est,-0.00233779859549465,8.68511373751352e-4
estacion,0.0014920891770089668,8.68511373751352e-4
estilo,1.8519126198415895e-4,8.68511373751352e-4
estrategico,-0.0027224073062010593,8.68511373751352e-4
estrato,-0.004194289451166783,8.68511373751352e-4
estrenar,0.00351459479722464,8.68511373751352e-4
estudio,0.0247001992690508,8.68511373751352e-4
estufa,-0.006902945977499509,8.68511373751352e-4
etcetera,0.0028935790249909337,8.68511373751352e-4
excelente,-0.003541585229897243,8.68511373751352e-4
exclusivo,0.005806618071554722,8.68511373751352e-4
exito,-0.0013451945492382136,8.68511373751352e-4
experiencia,0,8.68511373751352e-4
exterior,0.0057345121643908,8.68511373751352e-4
facil,0,8.68511373751352e-4
facilidad,3.1756065167017824e-5,8.68511373751352e-4
familia,0,8.68511373751352e-4
familiar,-0.0016576125580005435,8.68511373751352e-4
family,0.006174370453965932,8.68511373751352e-4
fcil,-6.64256118031683e-4,8.68511373751352e-4
finca,0,8.68511373751352e-4
flor,0.0027872498155843443,8.68511373751352e-4
fondo,-0.002437563618733843,8.68511373751352e-4
frente,0.003887511408943834,8.68511373751352e-4
futbol,2.465935404277569e-4,8.68511373751352e-4
garaje,-0.011668149455911533,8.68511373751352e-4
gas,-1.2409242844374542e-4,8.68511373751352e-4
gimnasio,0.01079050703046722,8.68511373751352e-4
gisela,-6.34408131228376e-4,8.68511373751352e-4
golf,0.004556355688528149,8.68511373751352e-4
gran,0.007311121612236649,8.68511373751352e-4
grande,0.0030672181089961546,8.68511373751352e-4
gusto,0,8.68511373751352e-4
gym,0.00468985481353913,8.68511373751352e-4
habitacin,-0.0013448501072086236,8.68511373751352e-4
habitacion,-0.012096979008782236,8.68511373751352e-4
hacer,-7.345912421067219e-4,8.68511373751352e-4
hacia,0,8.68511373751352e-4
hall,0.010288244896452511,8.68511373751352e-4
hayuelo,-0.00761209246565029,8.68511373751352e-4
hermoso,0.0012732930211591467,8.68511373751352e-4
hogar,0,8.68511373751352e-4
hora,-0.004455341765962848,8.68511373751352e-4
horno,-5.543353629278274e-4,8.68511373751352e-4
hospital,-0.0011199949093339836,8.68511373751352e-4
hotel,8.709199192386697e-4,8.68511373751352e-4
housar,0.011129524508668515,8.68511373751352e-4
humeda,0.005985251986085327,8.68511373751352e-4
ideal,0,8.68511373751352e-4
iglesia,-0.004369098071088494,8.68511373751352e-4
iluminacin,-2.564440416928407e-4,8.68511373751352e-4
iluminacion,0,8.68511373751352e-4
iluminado,-0.010568903244863724,8.68511373751352e-4
importante,0,8.68511373751352e-4
incluir,0,8.68511373751352e-4
independiente,0.014603961105740058,8.68511373751352e-4
inf,-0.004467421102144518,8.68511373751352e-4
infantil,-0.0033684817219822704,8.68511373751352e-4
informacin,0.00205400906672023,8.68511373751352e-4
informacion,-0.0019334292660719101,8.68511373751352e-4
informe,-0.001953173015691812,8.68511373751352e-4
ingresar,0,8.68511373751352e-4
ingreso,-0.0026784242919428974,8.68511373751352e-4
inmobiliario,0,8.68511373751352e-4
inmueble,-0.0013512722170789793,8.68511373751352e-4
integrado,-2.575026257572554e-4,8.68511373751352e-4
integral,-0.007281892860965927,8.68511373751352e-4
interior,-0.00990522816897657,8.68511373751352e-4
interno,4.411014375404188e-4,8.68511373751352e-4
inversion,-0.005108379552695132,8.68511373751352e-4
isla,0.0074711493421279074,8.68511373751352e-4
izacion,-0.0016667251557001836,8.68511373751352e-4
jacuzzi,0.00508220789020565,8.68511373751352e-4
jardin,0.015730859130069514,8.68511373751352e-4
juego,3.363326467576435e-4,8.68511373751352e-4
junto,8.02787145387741e-4,8.68511373751352e-4
lado,-0.0014992066547283454,8.68511373751352e-4
laminado,-0.005380031087245044,8.68511373751352e-4
lavado,-0.003810240985999157,8.68511373751352e-4
lavanderia,-0.00872606401652266,8.68511373751352e-4
lavanderiar,-0.008512360464662968,8.68511373751352e-4
lavandero,-0.0026540230578162814,8.68511373751352e-4
libre,0,8.68511373751352e-4
linda,0.003558026273525911,8.68511373751352e-4
lindo,-9.028493564737815e-4,8.68511373751352e-4
linea,0.0021567481150312658,8.68511373751352e-4
linear,5.347367226559232e-4,8.68511373751352e-4
lineo,0,8.68511373751352e-4
lino,0,8.68511373751352e-4
lobby,0,8.68511373751352e-4
local,0.012625590612349061,8.68511373751352e-4
lote,0.006768585600876637,8.68511373751352e-4
lugar,0,8.68511373751352e-4
lujo,0.005336836323066675,8.68511373751352e-4
luminoso,-0.003044515259453505,8.68511373751352e-4
luz,-0.0021202944447957723,8.68511373751352e-4
madera,0.003878762520088652,8.68511373751352e-4
maderar,0,8.68511373751352e-4
madero,0.002318618936615749,8.68511373751352e-4
magnificar,3.8839675003070513e-4,8.68511373751352e-4
magnifico,0.00415220185245955,8.68511373751352e-4
marmol,0.003247244437014012,8.68511373751352e-4
mas,-7.812259244800309e-6,8.68511373751352e-4
mayo,6.593076705504147e-5,8.68511373751352e-4
mayor,0,8.68511373751352e-4
medio,0,8.68511373751352e-4
mejor,0.00508041383000187,8.68511373751352e-4
meson,-0.0025194586175192987,8.68511373751352e-4
minuto,0.0017334053720033122,8.68511373751352e-4
mismo,-0.00102743668172919,8.68511373751352e-4
mixto,1.4889635923332856e-4,8.68511373751352e-4
moderno,0.0034131053717263776,8.68511373751352e-4
mueble,0.002634573579717867,8.68511373751352e-4
multiple,0,8.68511373751352e-4
nal,3.5646165162703464e-4,8.68511373751352e-4
natural,-0.0026283707213738336,8.68511373751352e-4
navarra,0,8.68511373751352e-4
negocio,0.0026388888932547313,8.68511373751352e-4
nino,0.0029059133006007747,8.68511373751352e-4
nio,0,8.68511373751352e-4
nivel,-0.005204366747314292,8.68511373751352e-4
norte,-0.004288081130302573,8.68511373751352e-4
noveno,-0.0023263186544501884,8.68511373751352e-4
ntilde,0,8.68511373751352e-4
nuevo,0,8.68511373751352e-4
occidental,1.867579351906805e-4,8.68511373751352e-4
occidente,-5.905950903673592e-4,8.68511373751352e-4
ocho,-4.4866764947972665e-4,8.68511373751352e-4
oferta,-0.0015546130723124406,8.68511373751352e-4
oficina,0.01631936222084662,8.68511373751352e-4
ofrecer,0,8.68511373751352e-4
opcion,0,8.68511373751352e-4
oportunidad,-0.0054655948644802025,8.68511373751352e-4
oriental,0.0016739419638452388,8.68511373751352e-4
pad,0,8.68511373751352e-4
palatino,1.6077619896524007e-5,8.68511373751352e-4
panoramico,0,8.68511373751352e-4
pared,-1.3955785659137637e-4,8.68511373751352e-4
parque,-0.0013117354691221425,8.68511373751352e-4
parqueaderar,-0.007313904092921071,8.68511373751352e-4
parqueadero,-0.0026818772217423563,8.68511373751352e-4
parqueo,-0.002488298971667819,8.68511373751352e-4
parte,5.098033947810172e-5,8.68511373751352e-4
paso,-2.1751162454478686e-4,8.68511373751352e-4
patio,0.003305545670794136,8.68511373751352e-4
patricio,0.0043726281884824214,8.68511373751352e-4
peatonal,-0.001053736511582339,8.68511373751352e-4
penthousar,0.016046695283005223,8.68511373751352e-4
peque,-0.004765683725643703,8.68511373751352e-4
perfecto,-4.000957758099116e-4,8.68511373751352e-4
permitir,0,8.68511373751352e-4
piscina,0,8.68511373751352e-4
piso,-0.01396307944482228,8.68511373751352e-4
planta,0.002571505688592504,8.68511373751352e-4
plaza,-0.002730637591286383,8.68511373751352e-4
poco,-0.003783728663350213,8.68511373751352e-4
poder,0,8.68511373751352e-4
porcelanato,-0.0019716214468854486,8.68511373751352e-4
portal,0.0022362442291594866,8.68511373751352e-4
porteria,-0.0021386514138885602,8.68511373751352e-4
porteriar,-0.0019319862362621903,8.68511373751352e-4
poseer,-7.381975079047978e-4,8.68511373751352e-4
posibilidad,0,8.68511373751352e-4
presentar,0.0015141841125032231,8.68511373751352e-4
previo,-2.762790121841078e-4,8.68511373751352e-4
primero,0,8.68511373751352e-4
principal,-0.004335651344868705,8.68511373751352e-4
privado,0.004297323791443307,8.68511373751352e-4
privilegiado,0,8.68511373751352e-4
propiedad,0.0018128398382608517,8.68511373751352e-4
propio,-0.0017115198251187944,8.68511373751352e-4
proyecto,-3.7000205013025663e-4,8.68511373751352e-4
publico,8.675443483313456e-4,8.68511373751352e-4
puerta,-7.203010806905402e-4,8.68511373751352e-4
puerto,0.0037611286759437214,8.68511373751352e-4
punto,0.0020639286542650384,8.68511373751352e-4
quinto,-0.003699657905363146,8.68511373751352e-4
raiz,0,8.68511373751352e-4
rea,-0.00115933103597779,8.68511373751352e-4
recepcin,0,8.68511373751352e-4
recepcion,-0.006903873229387312,8.68511373751352e-4
recibir,0,8.68511373751352e-4
ref,-0.008108710473312243,8.68511373751352e-4
remodelado,-8.351119276181916e-4,8.68511373751352e-4
remodelar,-0.01043062374535706,8.68511373751352e-4
rentable,-0.003287135028079654,8.68511373751352e-4
rentahousar,0.009747240883615078,8.68511373751352e-4
rentar,-0.0025336127766815257,8.68511373751352e-4
reo,-4.381914536911155e-4,8.68511373751352e-4
residencial,-4.7370553512093426e-4,8.68511373751352e-4
restaurante,0,8.68511373751352e-4
reunion,1.1545958728984514e-4,8.68511373751352e-4
rodeado,-4.835204535516347e-4,8.68511373751352e-4
room,0.005138205357652647,8.68511373751352e-4
ropa,-0.00794176975158522,8.68511373751352e-4
ropas,-0.0059954192872182215,8.68511373751352e-4
sal,1.5150193387642118e-5,8.68511373751352e-4
sala,0.0060093035315602625,8.68511373751352e-4
salida,0.0019135406522263684,8.68511373751352e-4
salitre,0.00681548868162541,8.68511373751352e-4
saln,0.0031932171813410623,8.68511373751352e-4
salon,-0.001994747791878711,8.68511373751352e-4
salr,0.0045426050917081835,8.68511373751352e-4
santa,-0.0029095706532063165,8.68511373751352e-4
santo,-6.359134255154626e-4,8.68511373751352e-4
sar,-0.003974439961076116,8.68511373751352e-4
sauna,9.142769082058517e-4,8.68511373751352e-4
sauno,1.169571445399642e-4,8.68511373751352e-4
sector,0,8.68511373751352e-4
secundario,0,8.68511373751352e-4
segundo,-0.0010604228094473766,8.68511373751352e-4
seguridad,0.006053315580891214,8.68511373751352e-4
seguro,0.002249344707014305,8.68511373751352e-4
semi,-0.005014981570579734,8.68511373751352e-4
sendero,0.002475749911562174,8.68511373751352e-4
septimo,0,8.68511373751352e-4
ser,-0.0031494889439978536,8.68511373751352e-4
servicio,0.015648181983655852,8.68511373751352e-4
servidumbre,-0.0015688033074129563,8.68511373751352e-4
siete,-0.004856376705998634,8.68511373751352e-4
sistema,0,8.68511373751352e-4
sitio,-0.0012551246505453657,8.68511373751352e-4
sitp,-9.945333476031964e-4,8.68511373751352e-4
social,0.0015220121141548445,8.68511373751352e-4
sol,-2.7562439161830693e-4,8.68511373751352e-4
solano,-0.0015310056002483163,8.68511373751352e-4
solo,-0.00301590330763664,8.68511373751352e-4
sotano,-0.004823348121606874,8.68511373751352e-4
squash,0.01249289274030619,8.68511373751352e-4
star,0.00885346386794473,8.68511373751352e-4
subir,0,8.68511373751352e-4
suena,0.007104911114334421,8.68511373751352e-4
sueno,-4.245318856870483e-6,8.68511373751352e-4
suizo,-0.004292646071487672,8.68511373751352e-4
super,0.005255408001855533,8.68511373751352e-4
supermercado,-4.3455724639163997e-4,8.68511373751352e-4
sur,-0.0014633016314547765,8.68511373751352e-4
tambien,-1.0460965310268741e-4,8.68511373751352e-4
tarde,0,8.68511373751352e-4
teatrino,0.0038510545129094693,8.68511373751352e-4
techo,0.0014567276025804765,8.68511373751352e-4
television,0.0013394192560460387,8.68511373751352e-4
tener,-0.0030169570178255885,8.68511373751352e-4
tenis,0.008251722054330394,8.68511373751352e-4
tercero,-0.002609413732521739,8.68511373751352e-4
terraza,0.018739386869018215,8.68511373751352e-4
terrazar,0.011126104935155907,8.68511373751352e-4
tienda,0,8.68511373751352e-4
tino,0.002366379005467482,8.68511373751352e-4
tipo,0,8.68511373751352e-4
todo,0,8.68511373751352e-4
torre,0,8.68511373751352e-4
total,0,8.68511373751352e-4
totalmente,5.848479783215275e-4,8.68511373751352e-4
tradicional,-3.19810420111209e-4,8.68511373751352e-4
tranquilidad,0,8.68511373751352e-4
tranquilo,-0.003696061788510276,8.68511373751352e-4
transmilenio,-0.0033156033716435413,8.68511373751352e-4
transportar,-0.0015774311396609926,8.68511373751352e-4
transporte,-0.00525127492568895,8.68511373751352e-4
tres,0.007789989908320558,8.68511373751352e-4
turco,0.005397116638653056,8.68511373751352e-4
ubicacin,-0.004250097223184387,8.68511373751352e-4
ubicacion,0,8.68511373751352e-4
ubicado,0,8.68511373751352e-4
ultimo,0.0022023774857175445,8.68511373751352e-4
unicentro,-1.529711194635885e-4,8.68511373751352e-4
universidad,-0.0073734886425643785,8.68511373751352e-4
usacar,0.004255603427187352,8.68511373751352e-4
uso,0.00730597130822692,8.68511373751352e-4
varios,0.0016457834979920838,8.68511373751352e-4
vehiculo,0.010152461611967934,8.68511373751352e-4
vender,0,8.68511373751352e-4
ventilacion,-2.0791395484623441e-4,8.68511373751352e-4
ver,-0.0022356231598481004,8.68511373751352e-4
verde,0,8.68511373751352e-4
vestiera,0.012303128030548477,8.68511373751352e-4
via,-0.002998004824712728,8.68511373751352e-4
vidrio,-3.854788422590137e-4,8.68511373751352e-4
vigilancia,-0.00403926956025056,8.68511373751352e-4
villa,-0.004681132668866189,8.68511373751352e-4
vio,-3.5517539824543197e-4,8.68511373751352e-4
visita,0,8.68511373751352e-4
visitante,0.0021225251173964278,8.68511373751352e-4
vista,0.012329707967650975,8.68511373751352e-4
vivienda,0.001923949316947554,8.68511373751352e-4
vivir,0,8.68511373751352e-4
walk,0.013452172205395994,8.68511373751352e-4
walking,0.012255868436630386,8.68511373751352e-4
web,0.004568331145837601,8.68511373751352e-4
www,0,8.68511373751352e-4
xxx,0.0033551085766223045,8.68511373751352e-4
zona,2.3726380907400778e-5,8.68511373751352e-4
ESTRATO_X1,0.005206565082007647,8.68511373751352e-4
ESTRATO_X2,-0.011352293492378873,8.68511373751352e-4
ESTRATO_X3,-0.020265452266531824,8.68511373751352e-4
ESTRATO_X4,-0.02153935209844897,8.68511373751352e-4
ESTRATO_X5,0,8.68511373751352e-4
ESTRATO_X6,0.043110917825695025,8.68511373751352e-4
property_type_2_casa,0.06256900247484604,8.68511373751352e-4
property_type_2_Casa,0.019565763606306946,8.68511373751352e-4
NOMBRE_Barrios.Unidos,-0.0023444857440131687,8.68511373751352e-4
NOMBRE_Bosa,-0.003357780812547658,8.68511373751352e-4
NOMBRE_Britalia,-0.0030681982682444825,8.68511373751352e-4
NOMBRE_Centro.Histórico,0.005057606694030933,8.68511373751352e-4
NOMBRE_Cerros.Orientales,0,8.68511373751352e-4
NOMBRE_Chapinero,0.014183310400302143,8.68511373751352e-4
NOMBRE_Edén,-5.19769445871513e-4,8.68511373751352e-4
NOMBRE_Engativá,-0.0011189585309883553,8.68511373751352e-4
NOMBRE_Fontibón,0.002311286341720484,8.68511373751352e-4
NOMBRE_Kennedy,0,8.68511373751352e-4
NOMBRE_Niza,-0.0010855483997711318,8.68511373751352e-4
NOMBRE_Patio.Bonito,-0.0063797854763039275,8.68511373751352e-4
NOMBRE_Puente.Aranda,-4.894407897550564e-4,8.68511373751352e-4
NOMBRE_Restrepo,-0.0014331097879579503,8.68511373751352e-4
NOMBRE_Rincón.de.Suba,0.00740806581118459,8.68511373751352e-4
NOMBRE_Salitre,0.004439817470903253,8.68511373751352e-4
NOMBRE_San.Cristóbal,-8.692724275536361e-4,8.68511373751352e-4
NOMBRE_Suba,0,8.68511373751352e-4
NOMBRE_Tabora,-0.007921105349951166,8.68511373751352e-4
NOMBRE_Teusaquillo,0.002152882621674502,8.68511373751352e-4
NOMBRE_Tibabuyes,0.0021578481277965945,8.68511373751352e-4
NOMBRE_Tintal,-0.005520415219641148,8.68511373751352e-4
NOMBRE_Toberín,0,8.68511373751352e-4
NOMBRE_Torca,8.927305383799808e-4,8.68511373751352e-4
NOMBRE_Tunjuelito,0,8.68511373751352e-4
NOMBRE_Usaquén,0.04444417066555141,8.68511373751352e-4
SECTOR_Sector.Noroccidente,0,8.68511373751352e-4
SECTOR_Sector.Norte,0,8.68511373751352e-4
SECTOR_Sector.Occidente,0,8.68511373751352e-4
SECTOR_Sector.Rural,0,8.68511373751352e-4
SECTOR_Sector.Sur.Occidente,0,8.68511373751352e-4
SECTOR_Sector.Sur.Oriente,0,8.68511373751352e-4
